{"cameraMode":{"drawMode":0,"name":"Shaded","section":"Shading Mode"},"sceneLighting":true,"audioPlay":false,"sceneViewState":{"showFog":true,"showMaterialUpdate":false,"showSkybox":true,"showFlares":true,"showImageEffects":true,"showParticleSystems":true},"in2DMode":false,"pivot":{"x":2183.604736328125,"y":3330.7568359375,"z":446.629638671875},"rotation":{"x":0.34561893343925478,"y":0.13862645626068116,"z":-0.051705215126276019,"w":0.9266383647918701},"size":173.79171752929688,"orthographic":true}