{"cameraMode":{"drawMode":0,"name":"Shaded","section":"Shading Mode"},"sceneLighting":true,"audioPlay":false,"sceneViewState":{"showFog":true,"showMaterialUpdate":false,"showSkybox":true,"showFlares":true,"showImageEffects":true,"showParticleSystems":true},"in2DMode":false,"pivot":{"x":464.5313720703125,"y":-4.34661865234375,"z":596.6314697265625},"rotation":{"x":-0.11379142105579376,"y":-0.8848570585250855,"z":0.29214614629745486,"w":-0.3446144759654999},"size":171.8463897705078,"orthographic":false}